url_length,hostname_length,path_length,query_length,count_dots,count_hyphens,count_underscores,count_slashes,count_at,count_question,count_equals,count_ampersand,count_percent,count_digits,count_letters,digit_ratio,is_https,has_ip,has_port,subdomain_count,has_phish_keyword,suspicious_tld,is_shortened,double_slash_in_path,hyphen_in_domain,entropy_hostname,entropy_path,query_param_count,has_fragment,dots_in_hostname,digit_only_subdomain,special_char_density,domain_age_days,is_new_domain,whois_available,domain_country,has_privacy_guard,dns_resolves,label
58,19,7,24,1,2,0,3,0,1,2,1,0,3,44,0.05172413793103448,0,0,0,0,1,1,0,0,1,3.7216,2.8074,2,0,1,0,0.0,-1,0,0,0,0,0,1
42,15,19,0,2,0,0,4,0,0,0,0,0,0,35,0.0,1,0,0,1,0,0,0,0,0,3.3232,3.4714,0,0,2,0,0.0,-1,0,0,0,0,0,0
38,20,10,0,2,0,0,4,0,0,0,0,0,0,31,0.0,1,0,0,1,0,0,0,0,0,3.5464,2.9219,0,0,2,0,0.0,-1,0,0,0,0,0,0
48,24,7,9,1,2,0,3,0,1,1,0,0,0,39,0.0,0,0,0,0,1,1,0,0,1,3.8868,2.8074,1,0,1,0,0.0,-1,0,0,0,0,0,1
42,18,16,0,2,0,0,5,0,0,0,0,0,0,34,0.0,1,0,0,1,0,0,0,0,0,3.5724,3.4528,0,0,2,0,0.0,-1,0,0,0,0,0,0
35,16,11,0,2,0,0,4,0,0,0,0,0,0,28,0.0,1,0,0,1,0,0,0,0,0,3.3278,2.914,0,0,2,0,0.0,-1,0,0,0,0,0,0
56,20,18,10,1,3,0,3,0,1,1,0,0,7,39,0.125,0,0,0,0,0,1,0,0,1,3.7219,3.5033,1,0,1,0,0.0,-1,0,0,0,0,0,1
31,14,9,0,2,0,0,3,0,0,0,0,0,0,25,0.0,1,0,0,1,0,0,0,0,0,3.182,2.5033,0,0,2,0,0.0,-1,0,0,0,0,0,0
29,20,1,0,2,0,0,3,0,0,0,0,0,0,23,0.0,1,0,0,1,0,0,0,0,0,3.4842,-0.0,0,0,2,0,0.0,-1,0,0,0,0,0,0
36,10,18,0,1,0,0,4,0,0,0,0,0,0,30,0.0,1,0,0,0,0,0,0,0,0,2.8464,3.5033,0,0,1,0,0.0,-1,0,0,0,0,0,0
59,23,16,12,1,2,0,4,0,1,1,0,0,3,46,0.05084745762711865,0,0,0,0,1,1,0,0,1,3.882,3.3278,1,0,1,0,0.0,-1,0,0,0,0,0,1
54,19,6,21,1,2,0,3,0,1,2,1,0,0,43,0.0,0,0,0,0,1,1,0,0,1,3.5766,2.585,2,0,1,0,0.0,-1,0,0,0,0,0,1
41,26,8,0,1,2,0,3,0,0,0,0,0,0,34,0.0,0,0,0,0,0,1,0,0,1,3.9501,2.5,0,0,1,0,0.0,-1,0,0,0,0,0,1
55,27,5,15,1,2,0,3,0,1,1,0,0,3,43,0.05454545454545454,0,0,0,0,0,1,0,0,1,4.0603,2.3219,1,0,1,0,0.0,-1,0,0,0,0,0,1
43,28,8,0,1,2,0,3,0,0,0,0,0,0,36,0.0,0,0,0,0,0,1,0,0,1,4.1106,2.5,0,0,1,0,0.0,-1,0,0,0,0,0,1
30,22,0,0,1,0,0,2,0,0,0,0,0,0,26,0.0,1,0,0,0,0,0,0,0,0,3.5726,0.0,0,0,1,0,0.0,-1,0,0,0,0,0,0
36,13,15,0,1,0,0,5,0,0,0,0,0,0,29,0.0,1,0,0,0,0,0,0,0,0,3.3347,3.0062,0,0,1,0,0.0,-1,0,0,0,0,0,0
41,28,6,0,1,2,0,3,0,0,0,0,0,0,34,0.0,0,0,0,0,1,1,0,0,1,3.8693,2.585,0,0,1,0,0.0,-1,0,0,0,0,0,1
38,10,20,0,1,1,0,5,0,0,0,0,0,4,26,0.10526315789473684,1,0,0,0,0,0,0,0,0,2.9219,3.6464,0,0,1,0,0.0,-1,0,0,0,0,0,0
42,25,10,0,1,2,0,4,0,0,0,0,0,0,34,0.0,0,0,0,0,1,1,0,0,1,4.2137,2.7219,0,0,1,0,0.0,-1,0,0,0,0,0,1
29,20,1,0,2,0,0,3,0,0,0,0,0,0,23,0.0,1,0,0,1,0,0,0,0,0,3.6842,-0.0,0,0,2,0,0.0,-1,0,0,0,0,0,0
52,26,7,11,1,2,0,3,0,1,1,0,0,6,37,0.11538461538461539,0,0,0,0,1,1,0,0,1,3.7483,2.2359,1,0,1,0,0.0,-1,0,0,0,0,0,1
39,16,15,0,2,1,0,4,0,0,0,0,0,0,31,0.0,1,0,0,1,0,0,0,0,0,3.3278,3.1069,0,0,2,0,0.0,-1,0,0,0,0,0,0
33,24,1,0,2,0,0,3,0,0,0,0,0,0,27,0.0,1,0,0,1,0,0,0,0,0,3.7721,-0.0,0,0,2,0,0.0,-1,0,0,0,0,0,0
45,29,9,0,1,2,0,4,0,0,0,0,0,3,34,0.06666666666666667,0,0,0,0,1,1,0,0,1,4.0044,2.9477,0,0,1,0,0.0,-1,0,0,0,0,0,1
26,13,5,0,1,0,0,3,0,0,0,0,0,0,21,0.0,1,0,0,0,0,0,0,0,0,3.027,2.3219,0,0,1,0,0.0,-1,0,0,0,0,0,0
22,13,1,0,2,0,0,3,0,0,0,0,0,0,16,0.0,1,0,0,1,0,0,0,0,0,3.027,-0.0,0,0,2,0,0.0,-1,0,0,0,0,0,0
62,28,6,20,1,3,0,3,0,1,2,1,0,4,46,0.06451612903225806,0,0,0,0,1,1,0,0,1,3.9677,2.585,2,0,1,0,0.0,-1,0,0,0,0,0,1
25,12,5,0,1,0,0,3,0,0,0,0,0,0,20,0.0,1,0,0,0,0,0,0,0,0,3.4183,2.3219,0,0,1,0,0.0,-1,0,0,0,0,0,0
43,15,6,13,2,0,0,3,0,1,1,0,0,2,33,0.046511627906976744,1,0,0,1,0,0,0,0,0,3.1899,2.585,1,0,2,0,0.0,-1,0,0,0,0,0,0
47,32,8,0,1,3,0,3,0,0,0,0,0,0,39,0.0,0,0,0,0,0,1,0,0,1,4.0275,2.5,0,0,1,0,0.0,-1,0,0,0,0,0,1
27,10,9,0,1,0,0,4,0,0,0,0,0,0,21,0.0,1,0,0,0,0,0,0,0,0,3.3219,2.9477,0,0,1,0,0.0,-1,0,0,0,0,0,0
49,35,7,0,1,2,0,3,0,0,0,0,0,0,42,0.0,0,0,0,0,0,1,0,0,1,3.9789,2.2359,0,0,1,0,0.0,-1,0,0,0,0,0,1
36,23,6,0,1,2,0,3,0,0,0,0,0,0,29,0.0,0,0,0,0,1,1,0,0,1,4.0018,2.585,0,0,1,0,0.0,-1,0,0,0,0,0,1
28,19,1,0,2,0,0,3,0,0,0,0,0,0,22,0.0,1,0,0,1,0,0,0,0,0,3.5766,-0.0,0,0,2,0,0.0,-1,0,0,0,0,0,0
30,11,11,0,1,0,0,4,0,0,0,0,0,0,24,0.0,1,0,0,0,0,0,0,0,0,3.0958,3.0958,0,0,1,0,0.0,-1,0,0,0,0,0,0
45,30,8,0,1,2,0,3,0,0,0,0,0,0,38,0.0,0,0,0,0,1,1,0,0,1,4.0314,2.5,0,0,1,0,0.0,-1,0,0,0,0,0,1
42,28,7,0,1,2,0,3,0,0,0,0,0,0,35,0.0,0,0,0,0,1,1,0,0,1,3.9677,2.2359,0,0,1,0,0.0,-1,0,0,0,0,0,1
63,27,7,21,1,3,0,3,0,1,2,1,0,3,48,0.047619047619047616,0,0,0,0,1,1,0,0,1,3.6764,2.8074,2,0,1,0,0.0,-1,0,0,0,0,0,1
45,31,7,0,4,1,0,3,0,0,0,0,0,0,36,0.0,0,0,0,3,1,1,0,0,1,3.8732,2.8074,0,0,4,0,0.0,-1,0,0,0,0,0,1
25,16,1,0,2,0,0,3,0,0,0,0,0,0,19,0.0,1,0,0,1,0,0,0,0,0,3.3278,-0.0,0,0,2,0,0.0,-1,0,0,0,0,0,0
44,31,6,0,1,4,0,3,0,0,0,0,0,0,35,0.0,0,0,0,0,0,1,0,0,1,3.6066,2.2516,0,0,1,0,0.0,-1,0,0,0,0,0,1
54,39,8,0,4,0,0,4,0,0,0,0,0,0,45,0.0,0,0,0,3,1,1,0,0,0,3.9334,2.25,0,0,4,0,0.0,-1,0,0,0,0,0,1
28,19,1,0,1,0,0,3,0,0,0,0,0,0,23,0.0,1,0,0,0,0,0,0,0,0,3.7216,-0.0,0,0,1,0,0.0,-1,0,0,0,0,0,0
38,9,21,0,1,3,0,4,0,0,0,0,0,0,29,0.0,1,0,0,0,0,0,0,0,0,2.9477,3.3321,0,0,1,0,0.0,-1,0,0,0,0,0,0
48,34,7,0,1,2,0,3,0,0,0,0,0,0,41,0.0,0,0,0,0,1,1,0,0,1,3.9398,2.2359,0,0,1,0,0.0,-1,0,0,0,0,0,1
43,28,8,0,1,2,0,3,0,0,0,0,0,0,36,0.0,0,0,0,0,0,1,0,0,1,3.8249,2.5,0,0,1,0,0.0,-1,0,0,0,0,0,1
50,29,7,6,1,2,0,3,0,1,1,0,0,3,38,0.06,0,0,0,0,1,1,0,0,1,3.578,2.2359,1,0,1,0,0.0,-1,0,0,0,0,0,1
29,9,12,0,1,1,0,5,0,0,0,0,0,0,21,0.0,1,0,0,0,0,0,0,0,0,2.9477,3.0221,0,0,1,0,0.0,-1,0,0,0,0,0,0
41,27,7,0,1,2,0,3,0,0,0,0,0,0,34,0.0,0,0,0,0,1,1,0,0,1,3.6303,2.8074,0,0,1,0,0.0,-1,0,0,0,0,0,1
59,32,7,12,1,3,0,3,0,1,1,0,0,0,49,0.0,0,0,0,0,1,1,0,0,1,3.7067,2.5216,1,0,1,0,0.0,-1,0,0,0,0,0,1
21,12,1,0,2,0,0,3,0,0,0,0,0,0,15,0.0,1,0,0,1,0,0,0,0,0,3.0221,-0.0,0,0,2,0,0.0,-1,0,0,0,0,0,0
61,28,8,17,1,2,0,3,0,1,2,1,0,5,45,0.08196721311475409,0,0,0,0,1,1,0,0,1,3.9102,3.0,2,0,1,0,0.0,-1,0,0,0,0,0,1
52,22,7,15,1,2,0,3,0,1,1,0,0,0,43,0.0,0,0,0,0,0,1,0,0,1,3.7888,2.5216,1,0,1,0,0.0,-1,0,0,0,0,0,1
40,14,18,0,1,0,0,5,0,0,0,0,0,0,33,0.0,1,0,0,0,0,0,0,0,0,3.6645,3.3083,0,0,1,0,0.0,-1,0,0,0,0,0,0
46,29,10,0,4,0,0,4,0,0,0,0,0,0,37,0.0,0,0,0,3,1,1,0,0,0,3.647,2.7219,0,0,4,0,0.0,-1,0,0,0,0,0,1
52,16,8,19,2,0,0,3,0,1,1,0,0,0,44,0.0,1,0,0,1,0,0,0,0,0,3.1556,2.75,1,0,2,0,0.0,-1,0,0,0,0,0,0
24,6,11,0,1,0,0,3,0,0,0,0,0,3,16,0.125,0,0,0,0,0,0,1,0,0,2.585,3.0958,0,0,1,0,0.0,-1,0,0,0,0,0,1
46,16,22,0,2,0,1,4,0,0,0,0,0,0,38,0.0,1,0,0,1,0,0,0,0,0,3.4528,3.6069,0,0,2,0,0.0,-1,0,0,0,0,0,0
30,21,1,0,2,0,0,3,0,0,0,0,0,0,24,0.0,1,0,0,1,0,0,0,0,0,3.3321,-0.0,0,0,2,0,0.0,-1,0,0,0,0,0,0
55,25,6,16,1,3,0,3,0,1,2,1,0,1,42,0.01818181818181818,0,0,0,0,1,1,0,0,1,3.7231,2.585,2,0,1,0,0.0,-1,0,0,0,0,0,1
26,17,1,0,2,0,0,3,0,0,0,0,0,0,20,0.0,1,0,0,1,0,0,0,0,0,3.1751,-0.0,0,0,2,0,0.0,-1,0,0,0,0,0,0
38,12,7,10,1,0,0,3,0,1,1,0,0,0,31,0.0,1,0,0,0,0,0,0,0,0,3.2516,2.8074,1,0,1,0,0.0,-1,0,0,0,0,0,0
34,12,14,0,2,1,0,4,0,0,0,0,0,0,26,0.0,1,0,0,1,0,0,0,0,0,2.8554,3.3788,0,0,2,0,0.0,-1,0,0,0,0,0,0
49,34,8,0,1,2,0,3,0,0,0,0,0,0,42,0.0,0,0,0,0,1,1,0,0,1,3.9003,2.5,0,0,1,0,0.0,-1,0,0,0,0,0,1
44,13,9,14,4,0,0,3,0,1,2,1,0,12,20,0.2727272727272727,0,1,0,2,1,0,0,0,0,2.2878,2.9477,2,0,3,1,0.0,-1,0,0,0,0,0,1
25,6,11,0,1,0,0,4,0,0,0,0,0,0,19,0.0,1,0,0,0,0,0,0,0,0,2.585,3.0958,0,0,1,0,0.0,-1,0,0,0,0,0,0
45,28,10,0,1,2,0,3,0,0,0,0,0,0,38,0.0,0,0,0,0,1,1,0,0,1,3.9408,2.9219,0,0,1,0,0.0,-1,0,0,0,0,0,1
36,18,10,0,2,0,0,4,0,0,0,0,0,0,29,0.0,1,0,0,1,0,0,0,0,0,3.4613,2.9219,0,0,2,0,0.0,-1,0,0,0,0,0,0
42,27,8,0,1,2,0,3,0,0,0,0,0,0,35,0.0,0,0,0,0,0,1,0,0,1,3.9582,2.5,0,0,1,0,0.0,-1,0,0,0,0,0,1
54,16,30,0,2,0,0,5,0,0,0,0,0,0,46,0.0,1,0,0,1,0,0,0,0,0,3.3278,3.8477,0,0,2,0,0.0,-1,0,0,0,0,0,0
45,30,8,0,1,2,0,3,0,0,0,0,0,0,38,0.0,0,0,0,0,0,1,0,0,1,3.9232,2.5,0,0,1,0,0.0,-1,0,0,0,0,0,1
35,11,16,0,2,0,0,4,0,0,0,0,0,0,28,0.0,1,0,0,1,0,0,0,0,0,2.4817,3.5,0,0,2,0,0.0,-1,0,0,0,0,0,0
27,14,5,0,2,0,0,3,0,0,0,0,0,0,21,0.0,1,0,0,1,0,0,0,0,0,2.8074,2.3219,0,0,2,0,0.0,-1,0,0,0,0,0,0
40,26,7,0,1,2,0,3,0,0,0,0,0,0,33,0.0,0,0,0,0,1,1,0,0,1,4.162,2.2359,0,0,1,0,0.0,-1,0,0,0,0,0,1
41,28,6,0,1,2,0,3,0,0,0,0,0,0,34,0.0,0,0,0,0,1,1,0,0,1,3.9947,2.585,0,0,1,0,0.0,-1,0,0,0,0,0,1
39,17,14,0,2,1,0,4,0,0,0,0,0,0,31,0.0,1,0,0,1,1,0,1,0,0,3.1751,3.2359,0,0,2,0,0.0,-1,0,0,0,0,0,0
27,18,1,0,2,0,0,3,0,0,0,0,0,0,21,0.0,1,0,0,1,0,0,0,0,0,3.4613,-0.0,0,0,2,0,0.0,-1,0,0,0,0,0,0
48,34,7,0,1,3,0,3,0,0,0,0,0,0,40,0.0,0,0,0,0,1,1,0,0,1,3.9398,2.5216,0,0,1,0,0.0,-1,0,0,0,0,0,1
43,28,8,0,1,2,0,3,0,0,0,0,0,0,36,0.0,0,0,0,0,1,1,0,0,1,3.8518,2.5,0,0,1,0,0.0,-1,0,0,0,0,0,1
37,14,15,0,2,0,0,4,0,0,0,0,0,0,30,0.0,1,0,0,1,1,0,0,0,0,3.0391,3.3736,0,0,2,0,0.0,-1,0,0,0,0,0,0
39,24,8,0,1,2,0,3,0,0,0,0,0,0,32,0.0,0,0,0,0,0,1,0,0,1,3.8239,2.5,0,0,1,0,0.0,-1,0,0,0,0,0,1
55,30,7,10,1,2,0,3,0,1,1,0,0,0,46,0.0,0,0,0,0,1,1,0,0,1,3.7899,2.8074,1,0,1,0,0.0,-1,0,0,0,0,0,1
20,11,1,0,1,0,0,3,0,0,0,0,0,0,15,0.0,1,0,0,0,0,0,0,0,0,3.0958,-0.0,0,0,1,0,0.0,-1,0,0,0,0,0,0
32,12,12,0,2,0,0,4,0,0,0,0,0,0,25,0.0,1,0,0,1,0,0,0,0,0,3.085,3.4183,0,0,2,0,0.0,-1,0,0,0,0,0,0
52,29,16,0,1,2,0,3,0,0,0,0,0,0,45,0.0,0,0,0,0,1,1,0,0,1,3.768,3.5,0,0,1,0,0.0,-1,0,0,0,0,0,1
36,14,14,0,2,0,0,4,0,0,0,0,0,0,29,0.0,1,0,0,1,0,0,1,0,0,3.182,3.0391,0,0,2,0,0.0,-1,0,0,0,0,0,0
54,28,7,11,1,2,0,3,0,1,1,0,0,0,45,0.0,0,0,0,0,1,1,0,0,1,3.8963,2.2359,1,0,1,0,0.0,-1,0,0,0,0,0,1
46,32,7,0,4,0,0,3,0,0,0,0,0,0,38,0.0,0,0,0,3,1,1,0,0,0,4.1639,2.2359,0,0,4,0,0.0,-1,0,0,0,0,0,1
40,19,13,0,2,1,0,5,0,0,0,0,0,0,31,0.0,1,0,0,1,1,0,1,0,0,3.5766,3.027,0,0,2,0,0.0,-1,0,0,0,0,0,0
28,15,5,0,2,0,0,3,0,0,0,0,0,0,22,0.0,1,0,0,1,0,0,1,0,0,3.3232,2.3219,0,0,2,0,0.0,-1,0,0,0,0,0,0
43,29,7,0,1,2,0,3,0,0,0,0,0,0,36,0.0,0,0,0,0,1,1,0,0,1,3.9614,2.5216,0,0,1,0,0.0,-1,0,0,0,0,0,1
23,14,1,0,2,0,0,3,0,0,0,0,0,0,17,0.0,1,0,0,1,0,0,0,0,0,3.182,-0.0,0,0,2,0,0.0,-1,0,0,0,0,0,0
35,14,13,0,2,0,0,4,0,0,0,0,0,5,23,0.14285714285714285,1,0,0,1,1,0,0,0,0,2.8963,3.5466,0,0,2,0,0.0,-1,0,0,0,0,0,0
50,36,7,0,1,2,0,3,0,0,0,0,0,0,43,0.0,0,0,0,0,1,1,0,0,1,3.882,2.8074,0,0,1,0,0.0,-1,0,0,0,0,0,1
28,15,5,0,2,0,0,3,0,0,0,0,0,0,22,0.0,1,0,0,1,0,0,0,0,0,3.3232,2.3219,0,0,2,0,0.0,-1,0,0,0,0,0,0
49,28,6,7,1,2,0,3,0,1,1,0,0,0,40,0.0,0,0,0,0,1,1,0,0,1,3.8518,2.2516,1,0,1,0,0.0,-1,0,0,0,0,0,1
63,29,5,21,1,2,0,3,0,1,2,1,0,7,45,0.1111111111111111,0,0,0,0,1,1,0,0,1,3.7883,2.3219,2,0,1,0,0.0,-1,0,0,0,0,0,1
20,11,1,0,1,0,0,3,0,0,0,0,0,0,15,0.0,1,0,0,0,0,0,0,0,0,3.2776,-0.0,0,0,1,0,0.0,-1,0,0,0,0,0,0
52,28,17,0,3,1,0,4,0,0,0,0,0,0,43,0.0,0,0,0,2,1,1,0,0,1,3.8963,3.4992,0,0,3,0,0.0,-1,0,0,0,0,0,1
56,24,6,18,1,2,0,3,0,1,2,1,0,0,45,0.0,0,0,0,0,1,1,0,0,1,3.6887,2.585,2,0,1,0,0.0,-1,0,0,0,0,0,1
32,13,11,0,2,0,0,4,0,0,0,0,0,0,25,0.0,1,0,0,1,0,0,0,0,0,2.8731,2.914,0,0,2,0,0.0,-1,0,0,0,0,0,0
40,16,16,0,1,1,0,5,0,0,0,0,0,0,32,0.0,1,0,0,0,0,0,0,0,1,3.75,3.3278,0,0,1,0,0.0,-1,0,0,0,0,0,0
25,16,1,0,2,0,0,3,0,0,0,0,0,0,19,0.0,1,0,0,1,0,0,1,0,0,3.3278,-0.0,0,0,2,0,0.0,-1,0,0,0,0,0,0
56,22,5,21,1,2,0,3,0,1,2,1,0,0,45,0.0,0,0,0,0,1,1,0,0,1,3.7322,2.3219,2,0,1,0,0.0,-1,0,0,0,0,0,1
63,31,6,18,1,3,0,3,0,1,1,0,0,9,44,0.14285714285714285,0,0,0,0,1,1,0,0,1,4.0826,2.585,1,0,1,0,0.0,-1,0,0,0,0,0,1
33,15,10,0,2,0,0,6,0,0,0,0,0,1,23,0.030303030303030304,1,0,0,1,0,0,0,0,0,3.0566,2.5219,0,0,2,0,0.0,-1,0,0,0,0,0,0
34,13,13,0,2,1,0,3,0,0,0,0,0,0,27,0.0,1,0,0,1,0,0,0,0,0,2.6612,3.7004,0,0,2,0,0.0,-1,0,0,0,0,0,0
54,24,11,11,1,2,0,3,0,1,1,0,0,3,42,0.05555555555555555,0,0,0,0,0,1,0,0,1,3.8554,2.914,1,0,1,0,0.0,-1,0,0,0,0,0,1
33,17,8,0,2,0,0,4,0,0,0,0,0,1,25,0.030303030303030304,1,0,0,1,0,0,0,0,0,2.9842,2.75,0,0,2,0,0.0,-1,0,0,0,0,0,0
39,26,6,0,1,2,0,3,0,0,0,0,0,0,32,0.0,0,0,0,0,1,1,0,0,1,3.9501,2.585,0,0,1,0,0.0,-1,0,0,0,0,0,1
53,22,6,17,1,3,0,3,0,1,2,1,0,8,33,0.1509433962264151,0,0,0,0,0,1,0,0,1,4.0615,2.585,2,0,1,0,0.0,-1,0,0,0,0,0,1
43,30,6,0,1,2,0,3,0,0,0,0,0,0,36,0.0,0,0,0,0,0,1,0,0,1,3.5647,2.2516,0,0,1,0,0.0,-1,0,0,0,0,0,1
45,21,6,10,1,2,0,3,0,1,1,0,0,1,35,0.022222222222222223,0,0,0,0,0,1,0,0,1,3.9161,2.2516,1,0,1,0,0.0,-1,0,0,0,0,0,1
37,19,10,0,2,0,0,4,0,0,0,0,0,0,30,0.0,1,0,0,1,0,0,0,0,0,3.4316,3.1219,0,0,2,0,0.0,-1,0,0,0,0,0,0
56,29,7,12,1,2,0,3,0,1,1,0,0,8,39,0.14285714285714285,0,0,0,0,1,1,0,0,1,4.0044,2.2359,1,0,1,0,0.0,-1,0,0,0,0,0,1
51,36,8,0,1,3,0,3,0,0,0,0,0,0,43,0.0,0,0,0,0,1,1,0,0,1,4.0067,3.0,0,0,1,0,0.0,-1,0,0,0,0,0,1
34,13,13,0,2,0,0,4,0,0,0,0,0,0,27,0.0,1,0,0,1,0,0,0,0,0,3.027,3.1808,0,0,2,0,0.0,-1,0,0,0,0,0,0
40,18,14,0,2,0,0,5,0,0,0,0,0,0,32,0.0,1,0,0,1,0,0,0,0,0,3.3502,3.182,0,0,2,0,0.0,-1,0,0,0,0,0,0
38,25,6,0,1,3,0,3,0,0,0,0,0,0,30,0.0,0,0,0,0,0,1,0,0,1,4.0235,2.585,0,0,1,0,0.0,-1,0,0,0,0,0,1
48,24,6,10,1,2,0,3,0,1,1,0,0,0,39,0.0,0,0,0,0,0,1,0,0,1,3.835,2.2516,1,0,1,0,0.0,-1,0,0,0,0,0,1
44,14,22,0,2,0,0,5,0,0,0,0,0,0,36,0.0,1,0,0,1,0,0,0,0,0,3.0391,3.4817,0,0,2,0,0.0,-1,0,0,0,0,0,0
51,29,15,0,1,3,0,4,0,0,0,0,0,0,42,0.0,0,0,0,0,1,1,0,0,1,3.8573,3.3736,0,0,1,0,0.0,-1,0,0,0,0,0,1
31,22,1,0,2,0,0,3,0,0,0,0,0,0,25,0.0,1,0,0,1,0,0,0,0,0,3.7544,-0.0,0,0,2,0,0.0,-1,0,0,0,0,0,0
58,31,6,13,1,3,0,3,0,1,1,0,0,3,45,0.05172413793103448,0,0,0,0,1,1,0,0,1,3.8403,2.585,1,0,1,0,0.0,-1,0,0,0,0,0,1
36,18,10,0,2,0,0,4,0,0,0,0,0,0,29,0.0,1,0,0,1,0,0,0,0,0,3.5724,2.9219,0,0,2,0,0.0,-1,0,0,0,0,0,0
57,23,8,18,1,2,0,3,0,1,2,1,0,4,42,0.07017543859649122,0,0,0,0,1,1,0,0,1,3.5884,3.0,2,0,1,0,0.0,-1,0,0,0,0,0,1
38,22,8,0,3,0,0,5,0,0,0,0,0,2,27,0.05263157894736842,1,0,0,1,0,0,1,0,0,3.6069,2.4056,0,0,2,0,0.0,-1,0,0,0,0,0,0
27,18,1,0,2,1,0,3,0,0,0,0,0,0,20,0.0,1,0,0,1,0,0,0,0,1,3.6835,-0.0,0,0,2,0,0.0,-1,0,0,0,0,0,0
44,13,23,0,2,1,0,5,0,0,0,0,0,0,35,0.0,1,0,0,1,0,0,0,0,0,3.027,3.6425,0,0,2,0,0.0,-1,0,0,0,0,0,0
28,14,6,0,2,0,0,3,0,0,0,0,0,0,22,0.0,1,0,0,1,1,0,0,0,0,3.3249,2.585,0,0,2,0,0.0,-1,0,0,0,0,0,0
60,26,5,21,1,2,0,3,0,1,2,1,0,5,44,0.08333333333333333,0,0,0,0,0,1,0,0,1,3.5074,2.3219,2,0,1,0,0.0,-1,0,0,0,0,0,1
49,23,8,10,1,2,0,3,0,1,1,0,0,3,37,0.061224489795918366,0,0,0,0,0,1,0,0,1,4.056,3.0,1,0,1,0,0.0,-1,0,0,0,0,0,1
58,29,8,13,1,2,0,3,0,1,1,0,0,8,41,0.13793103448275862,0,0,0,0,1,1,0,0,1,3.7975,2.75,1,0,1,0,0.0,-1,0,0,0,0,0,1
45,30,8,0,4,0,0,4,0,0,0,0,0,0,36,0.0,0,0,0,3,1,1,0,0,0,3.9647,2.5,0,0,4,0,0.0,-1,0,0,0,0,0,1
38,8,22,0,1,1,0,5,0,0,0,0,0,0,30,0.0,1,0,0,0,0,0,0,0,0,2.75,3.516,0,0,1,0,0.0,-1,0,0,0,0,0,0
43,28,8,0,1,2,0,3,0,0,0,0,0,0,36,0.0,0,0,0,0,0,1,0,0,1,3.7265,2.5,0,0,1,0,0.0,-1,0,0,0,0,0,1
49,26,16,0,1,3,0,3,0,0,0,0,0,0,41,0.0,0,0,0,0,1,1,0,0,1,3.6714,3.625,0,0,1,0,0.0,-1,0,0,0,0,0,1
39,14,17,0,2,1,0,5,0,0,0,0,0,3,27,0.07692307692307693,1,0,0,1,0,0,0,0,0,2.8963,3.4548,0,0,2,0,0.0,-1,0,0,0,0,0,0
40,13,19,0,2,0,0,5,0,0,0,0,0,0,32,0.0,1,0,0,1,0,0,0,0,0,2.9312,3.4714,0,0,2,0,0.0,-1,0,0,0,0,0,0
41,27,7,0,1,2,0,3,0,0,0,0,0,0,34,0.0,0,0,0,0,1,1,0,0,1,4.0323,2.8074,0,0,1,0,0.0,-1,0,0,0,0,0,1
52,24,7,13,1,2,0,3,0,1,1,0,0,3,40,0.057692307692307696,0,0,0,0,1,1,0,0,1,3.7721,2.8074,1,0,1,0,0.0,-1,0,0,0,0,0,1
49,32,10,0,4,1,0,3,0,0,0,0,0,0,40,0.0,0,0,0,2,1,1,0,0,1,4.0778,3.1219,0,0,3,0,0.0,-1,0,0,0,0,0,1
41,25,9,0,1,3,0,3,0,0,0,0,0,0,33,0.0,0,0,0,0,0,1,0,0,1,4.0235,2.9477,0,0,1,0,0.0,-1,0,0,0,0,0,1
38,29,1,0,2,1,0,3,0,0,0,0,0,0,31,0.0,1,0,0,1,0,0,0,0,1,4.0473,-0.0,0,0,2,0,0.0,-1,0,0,0,0,0,0
42,19,15,0,2,0,0,4,0,0,0,0,0,0,35,0.0,1,0,0,1,0,0,1,0,0,3.7871,3.5069,0,0,2,0,0.0,-1,0,0,0,0,0,0
57,26,8,15,1,2,0,3,0,1,2,1,0,0,46,0.0,0,0,0,0,1,1,0,0,1,3.9501,3.0,2,0,1,0,0.0,-1,0,0,0,0,0,1
47,35,5,0,4,1,0,3,0,0,0,0,0,0,38,0.0,0,0,0,3,1,1,0,0,1,4.0004,2.3219,0,0,4,0,0.0,-1,0,0,0,0,0,1
35,14,13,0,2,1,0,4,0,0,0,0,0,0,27,0.0,1,0,0,1,0,0,0,0,0,3.0391,3.027,0,0,2,0,0.0,-1,0,0,0,0,0,0
33,15,10,0,1,0,0,4,0,0,0,0,0,0,27,0.0,1,0,0,0,0,0,0,0,0,3.4566,3.1219,0,0,1,0,0.0,-1,0,0,0,0,0,0
23,14,1,0,1,0,0,3,0,0,0,0,0,0,18,0.0,1,0,0,0,0,0,1,0,0,3.3249,-0.0,0,0,1,0,0.0,-1,0,0,0,0,0,0
36,18,10,0,2,0,0,3,0,0,0,0,0,0,30,0.0,1,0,0,1,0,0,0,0,0,3.2391,3.1219,0,0,2,0,0.0,-1,0,0,0,0,0,0
42,28,7,0,1,2,0,3,0,0,0,0,0,10,25,0.23809523809523808,0,0,0,0,1,1,0,0,1,4.4502,2.5216,0,0,1,0,0.0,-1,0,0,0,0,0,1
46,21,8,9,1,2,0,3,0,1,1,0,0,0,37,0.0,0,0,0,0,0,1,0,0,1,3.8802,2.75,1,0,1,0,0.0,-1,0,0,0,0,0,1
22,14,0,0,2,0,0,2,0,0,0,0,0,0,17,0.0,1,0,0,1,0,0,0,0,0,2.8424,0.0,0,0,2,0,0.0,-1,0,0,0,0,0,0
60,13,25,14,4,0,0,5,0,1,1,0,0,10,38,0.16666666666666666,0,1,0,2,1,0,0,0,0,2.5654,3.4791,1,0,3,1,0.0,-1,0,0,0,0,0,1
18,9,1,0,1,0,0,3,0,0,0,0,0,0,13,0.0,1,0,0,0,0,0,0,0,0,2.9477,-0.0,0,0,1,0,0.0,-1,0,0,0,0,0,0
40,25,8,0,1,2,0,3,0,0,0,0,0,0,33,0.0,0,0,0,0,0,1,0,0,1,4.0039,2.5,0,0,1,0,0.0,-1,0,0,0,0,0,1
60,30,13,9,1,3,0,4,0,1,1,0,0,0,49,0.0,0,0,0,0,1,1,0,0,1,3.9232,3.3927,1,0,1,0,0.0,-1,0,0,0,0,0,1
42,27,8,0,1,2,0,3,0,0,0,0,0,0,35,0.0,0,0,0,0,0,1,0,0,1,3.8562,2.5,0,0,1,0,0.0,-1,0,0,0,0,0,1
45,20,8,9,1,2,0,3,0,1,1,0,0,0,36,0.0,0,0,0,0,0,1,0,0,1,3.6842,2.5,1,0,1,0,0.0,-1,0,0,0,0,0,1
53,27,8,10,1,2,0,3,0,1,1,0,0,0,44,0.0,0,0,0,0,1,1,0,0,1,3.5417,2.5,1,0,1,0,0.0,-1,0,0,0,0,0,1
43,25,10,0,4,0,0,5,0,0,0,0,0,2,31,0.046511627906976744,1,0,0,1,0,0,0,0,0,3.7035,2.6464,0,0,2,0,0.0,-1,0,0,0,0,0,0
23,14,1,0,2,0,0,3,0,0,0,0,0,0,17,0.0,1,0,0,1,0,0,0,0,0,3.0391,-0.0,0,0,2,0,0.0,-1,0,0,0,0,0,0
44,21,15,0,2,1,0,5,0,0,0,0,0,0,35,0.0,1,0,0,1,0,0,0,0,0,3.5226,3.3232,0,0,2,0,0.0,-1,0,0,0,0,0,0
56,30,8,10,1,3,0,3,0,1,1,0,0,4,42,0.07142857142857142,0,0,0,0,1,1,0,0,1,4.0729,3.0,1,0,1,0,0.0,-1,0,0,0,0,0,1
41,13,20,0,3,1,0,4,0,0,0,0,0,0,32,0.0,1,0,0,1,0,0,0,0,0,3.2389,3.4464,0,0,2,0,0.0,-1,0,0,0,0,0,0
35,17,10,0,1,0,0,3,0,0,0,0,0,0,30,0.0,1,0,0,0,0,0,0,0,0,3.6901,3.1219,0,0,1,0,0.0,-1,0,0,0,0,0,0
33,13,13,0,1,0,0,4,0,0,0,0,0,5,22,0.15151515151515152,0,0,0,0,1,0,0,0,0,2.6535,3.0851,0,0,1,0,0.0,-1,0,0,0,0,0,1
49,23,8,10,1,2,0,3,0,1,1,0,0,2,38,0.04081632653061224,0,0,0,0,0,1,0,0,1,3.7951,2.75,1,0,1,0,0.0,-1,0,0,0,0,0,1
20,7,5,0,1,0,0,3,0,0,0,0,0,0,15,0.0,1,0,0,0,0,0,0,0,0,2.5216,2.3219,0,0,1,0,0.0,-1,0,0,0,0,0,0
36,18,10,0,2,0,0,4,0,0,0,0,0,0,29,0.0,1,0,0,1,0,0,0,0,0,3.3502,3.1219,0,0,2,0,0.0,-1,0,0,0,0,0,0
45,15,22,0,3,0,0,5,0,0,0,0,0,1,35,0.022222222222222223,1,0,0,1,0,0,0,0,0,3.4566,3.4817,0,0,2,0,0.0,-1,0,0,0,0,0,0
36,15,13,0,1,1,0,3,0,0,0,0,0,0,30,0.0,1,0,0,0,0,0,0,0,0,3.3736,3.5466,0,0,1,0,0.0,-1,0,0,0,0,0,0
34,9,17,0,1,0,0,6,0,0,0,0,0,0,26,0.0,1,0,0,0,0,0,0,0,0,3.1699,3.3816,0,0,1,0,0.0,-1,0,0,0,0,0,0
50,18,24,0,2,0,0,6,0,0,0,0,0,0,41,0.0,1,0,0,1,0,0,0,0,0,3.4194,3.6368,0,0,2,0,0.0,-1,0,0,0,0,0,0
43,28,8,0,1,2,0,3,0,0,0,0,0,0,36,0.0,0,0,0,0,1,1,0,0,1,4.0931,2.5,0,0,1,0,0.0,-1,0,0,0,0,0,1
39,26,6,0,1,2,0,3,0,0,0,0,0,0,32,0.0,0,0,0,0,1,1,0,0,1,4.0081,2.2516,0,0,1,0,0.0,-1,0,0,0,0,0,1
28,15,5,0,2,0,0,3,0,0,0,0,0,0,22,0.0,1,0,0,1,0,0,0,0,0,3.1396,2.3219,0,0,2,0,0.0,-1,0,0,0,0,0,0
29,16,5,0,2,0,0,3,0,0,0,0,0,0,23,0.0,1,0,0,1,0,0,0,0,0,3.0,2.3219,0,0,2,0,0.0,-1,0,0,0,0,0,0
50,37,6,0,4,1,0,3,0,0,0,0,0,0,41,0.0,0,0,0,3,1,1,0,0,1,3.9795,2.585,0,0,4,0,0.0,-1,0,0,0,0,0,1
24,15,1,0,2,0,0,3,0,0,0,0,0,0,18,0.0,1,0,0,1,0,0,0,0,0,3.3232,-0.0,0,0,2,0,0.0,-1,0,0,0,0,0,0
43,29,7,0,1,3,0,3,0,0,0,0,0,0,35,0.0,0,0,0,0,1,1,0,0,1,3.4344,2.8074,0,0,1,0,0.0,-1,0,0,0,0,0,1
31,13,10,0,2,1,0,3,0,0,0,0,0,2,22,0.06451612903225806,1,0,0,1,1,0,0,0,0,3.027,3.3219,0,0,2,0,0.0,-1,0,0,0,0,0,0
48,34,7,0,4,0,0,3,0,0,0,0,0,0,40,0.0,0,0,0,3,1,1,0,0,0,3.6206,2.2359,0,0,4,0,0.0,-1,0,0,0,0,0,1
55,28,7,12,1,2,0,3,0,1,1,0,0,0,46,0.0,0,0,0,0,1,1,0,0,1,4.0391,2.8074,1,0,1,0,0.0,-1,0,0,0,0,0,1
28,15,5,0,2,0,0,3,0,0,0,0,0,0,22,0.0,1,0,0,1,0,0,0,0,0,3.3232,2.3219,0,0,2,0,0.0,-1,0,0,0,0,0,0
24,15,1,0,2,1,0,3,0,0,0,0,0,0,17,0.0,1,0,0,1,0,0,0,0,1,3.0062,-0.0,0,0,2,0,0.0,-1,0,0,0,0,0,0
61,24,7,22,1,2,0,3,0,1,2,1,0,2,48,0.03278688524590164,0,0,0,0,1,1,0,0,1,3.8868,2.2359,2,0,1,0,0.0,-1,0,0,0,0,0,1
42,17,17,0,2,0,1,5,0,0,0,0,0,0,33,0.0,1,0,0,1,0,0,0,0,0,3.2639,3.3372,0,0,2,0,0.0,-1,0,0,0,0,0,0
22,13,1,0,1,0,0,3,0,0,0,0,0,0,17,0.0,1,0,0,0,0,0,0,0,0,3.3927,-0.0,0,0,1,0,0.0,-1,0,0,0,0,0,0
29,14,7,0,1,0,0,3,0,0,0,0,0,0,24,0.0,1,0,0,0,0,0,0,0,0,3.3249,2.8074,0,0,1,0,0.0,-1,0,0,0,0,0,0
41,26,8,0,1,2,0,3,0,0,0,0,0,0,34,0.0,0,0,0,0,1,1,0,0,1,4.0081,2.5,0,0,1,0,0.0,-1,0,0,0,0,0,1
38,23,8,0,1,2,0,3,0,0,0,0,0,0,31,0.0,0,0,0,0,0,1,0,0,1,3.969,2.5,0,0,1,0,0.0,-1,0,0,0,0,0,1
38,14,16,0,1,0,0,5,0,0,0,0,0,0,31,0.0,1,0,0,0,0,0,0,0,0,3.3788,3.1556,0,0,1,0,0.0,-1,0,0,0,0,0,0
